<?xml version="1.0"?>
<!DOCTYPE hibernate-mapping PUBLIC
      "-//Hibernate/Hibernate Mapping DTD 3.0//EN"
          "http://hibernate.sourceforge.net/hibernate-mapping-3.0.dtd">

<hibernate-mapping default-access="field">
  <class name="org.jbpm.graph.exe.ProcessInstance"
         table="JBPM_PROCESSINSTANCE">
    <id name="id" column="ID_"><generator class="native" /></id>
    <version name="version" column="VERSION_" />
    
    <property name="start" column="START_" />
    <property name="end" column="END_" />
    <property name="isSuspended" column="ISSUSPENDED_" />
    <many-to-one name="processDefinition" 
                 column="PROCESSDEFINITION_" 
                 foreign-key="FK_PROCIN_PROCDEF" />
    <many-to-one name="rootToken" 
                 column="ROOTTOKEN_"
                 cascade="all" 
                 foreign-key="FK_PROCIN_ROOTTKN" />
    <many-to-one name="superProcessToken" 
                 column="SUPERPROCESSTOKEN_"
                 foreign-key="FK_PROCIN_SPROCTKN" />
    <list name="runtimeActions" cascade="all">
      <key column="PROCESSINSTANCE_" />
      <index column="PROCESSINSTANCEINDEX_" />
      <one-to-many class="org.jbpm.graph.exe.RuntimeAction"/>
    </list>
    <map name="instances" cascade="all">
      <key column="PROCESSINSTANCE_" />
      <map-key column="NAME_" type="string"/>
      <one-to-many class="org.jbpm.module.exe.ModuleInstance" />
    </map>
 
  </class>
</hibernate-mapping>
