<?xml version="1.0"?>

<!DOCTYPE hibernate-mapping PUBLIC
    "-//Hibernate/Hibernate Mapping DTD 3.0//EN" 
    "http://hibernate.sourceforge.net/hibernate-mapping-3.0.dtd">

<hibernate-mapping default-access="field">

  <class name="org.jbpm.context.def.VariableAccess" 
         table="JBPM_VARIABLEACCESS">
    <cache usage="nonstrict-read-write"/>
    <id name="id" column="ID_"><generator class="native" /></id>
    
    <property name="variableName" column="VARIABLENAME_" />
    <property name="access" column="ACCESS_" type="org.jbpm.db.hibernate.AccessType" />
    <property name="mappedName" column="MAPPEDNAME_" />
  </class>

</hibernate-mapping>
