<?xml version="1.0"?>

<!DOCTYPE hibernate-mapping PUBLIC
    "-//Hibernate/Hibernate Mapping DTD 3.0//EN" 
    "http://hibernate.sourceforge.net/hibernate-mapping-3.0.dtd">

<hibernate-mapping default-access="field">

  <class name="org.jbpm.module.def.ModuleDefinition" 
         table="JBPM_MODULEDEFINITION"
         abstract="true" 
         discriminator-value="M">
    <cache usage="nonstrict-read-write"/>
    <id name="id" column="ID_"><generator class="native" /></id>
    <discriminator type="char" column="CLASS_"/>
    <!-- M : org.jbpm.module.def.ModuleDefinition -->
    <!-- C : org.jbpm.context.def.ContextDefinition -->
    <!-- F : org.jbpm.file.def.FileDefinition -->
    <!-- L : org.jbpm.logging.def.LoggingDefinition -->
    <!-- I : org.jbpm.scheduler.def.SchedulerDefinition -->
    <!-- T : org.jbpm.taskmgmt.def.TaskMgmtDefinition -->
    <!--  :  -->
    <!--  :  -->
    
    <property name="name" column="NAME_" length="4000"/>
    <many-to-one name="processDefinition" 
                 column="PROCESSDEFINITION_"
                 foreign-key="FK_MODDEF_PROCDEF"/>
  </class>
</hibernate-mapping>
