<?xml version="1.0"?>
<!DOCTYPE hibernate-mapping PUBLIC
      "-//Hibernate/Hibernate Mapping DTD 3.0//EN"
          "http://hibernate.sourceforge.net/hibernate-mapping-3.0.dtd">

<hibernate-mapping default-access="field">

  <class name="org.jbpm.msg.Message"
         table="JBPM_MESSAGE"
         discriminator-value="M">
    <id name="id" column="ID_"><generator class="native" /></id>
    <discriminator type="char" column="CLASS_"/>
    <!-- M : org.jbpm.msg.Message -->
    <!-- T : org.jbpm.msg.db.TextMessage -->
    <!-- A : org.jbpm.command.ExecuteActionCommand -->
    <!-- N : org.jbpm.command.ExecuteNodeCommand -->
    <!-- S : org.jbpm.command.SignalCommand -->
    <!-- K : org.jbpm.command.TaskInstanceEndCommand -->

    <property name="destination" column="DESTINATION_"/>
    <property name="exception" type="string_max" column="EXCEPTION_" length="4000"/>
    <property name="isSuspended" column="ISSUSPENDED_" />
    
    <many-to-one name="token"   
                 column="TOKEN_" 
                 foreign-key="FK_MSG_TOKEN"/>

  </class>
</hibernate-mapping>
